{
    "dataset": "Davis",
    "seed": 114514,
    "loaded_folds": [
        1,
        2,
        3,
        4,
        5
    ],
    "fold_metric_dict": {
        "1": 0.80843,
        "2": 0.79675,
        "3": 0.80323,
        "4": 0.82625,
        "5": 0.84648
    },
    "weights": [
        0.19808925688266754,
        0.19522731006145477,
        0.1968151032924652,
        0.20245568454265594,
        0.20741263031959534
    ],
    "ensemble_mode": "weighted_logit",
    "threshold_metric": "f1",
    "best_threshold": 0.5399999999999999,
    "metrics": {
        "roc_auc": 0.9317319368548878,
        "aupr": 0.8607992361561042,
        "accuracy": 0.8678696158323632,
        "precision": 0.7418159357628166,
        "recall": 0.8203551912568307,
        "f1": 0.7791112552708401,
        "mcc": 0.6869604277557048,
        "threshold": 0.5399999999999999
    },
    "timestamp": "2026-04-11 21:37:32"
}