{
    "timestamp": "2026-04-12 00:01:12",
    "dataset": "Davis",
    "seed": 114514,
    "device": "cuda:0",
    "target_metric": "aupr",
    "threshold_metric": "f1",
    "best_subset_0_based": [
        2,
        3,
        4
    ],
    "best_subset_1_based": [
        3,
        4,
        5
    ],
    "best_alpha_raw_weight": 0.85,
    "best_target_score_on_valid": 0.9676409513333526,
    "best_threshold": 0.61,
    "temperatures": [
        1.1776243448257446,
        1.0366783142089844,
        1.3864825963974,
        1.2017239332199097,
        1.6838984489440918
    ],
    "metrics": {
        "roc_auc": 0.9269292328248064,
        "aupr": 0.854375396871172,
        "accuracy": 0.8668736658257326,
        "precision": 0.7690179806362379,
        "recall": 0.7595628415300546,
        "f1": 0.7642611683848797,
        "threshold": 0.61,
        "mcc": 0.6715382189572375
    }
}