{
    "timestamp": "2026-04-11 23:13:15",
    "dataset": "Davis",
    "seed": 114514,
    "device": "cuda:0",
    "use_temperature_scaling": true,
    "use_valid_threshold": true,
    "threshold_metric": "f1",
    "best_threshold": 0.5499999999999999,
    "temperatures": [
        1.1778534650802612,
        1.0367603302001953,
        1.3857024908065796,
        1.2036012411117554,
        1.6877902746200562
    ],
    "metrics": {
        "roc_auc": 0.9307700340844958,
        "aupr": 0.859091317326017,
        "accuracy": 0.8668736658257326,
        "precision": 0.7522697795071336,
        "recall": 0.7923497267759563,
        "f1": 0.7717897538256819,
        "mcc": 0.6783615266217197
    }
}